,Angry,Fear,Happy,Neutral,Sad,Surprise
0,0.05765372483415137,0.08388862442225217,0.429070733958169,0.16597073461223197,0.208731260065504,0.05468492216681817
