,Neutral,Sad,Fear,Angry,Happy,Surprise
0,34.65346534653465,14.356435643564355,6.435643564356436,11.881188118811881,21.782178217821784,10.891089108910892
